<?xml version="1.0" encoding="UTF-8" standalone="no"?>
<FreeplaneUIEntries>
	<Entry name="main_toolbar" builder="toolbar,ignore">
		<Entry builder="separator" />
		<Entry row="1">
			<Entry name="OpenAction" />
			<Entry name="SaveAction" />
		</Entry>
		<Entry row="2" usedBy="EDITOR">
			<Entry name="UndoAction" />
			<Entry name="RedoAction" />
		</Entry>
		<Entry builder="separator" />
		<Entry name="zoom" builder="main_toolbar_zoom"  row="1" width = "2"/>
		<Entry name="FindAction" row="2" weight = "1"/>
		<Entry name="NodeListAction" row="2" weight = "1"/>
		<Entry usedBy="EDITOR" >
			<Entry name="CutAction" row = "1" />
		</Entry>
		<Entry name="CopyAction" row = "1" />
		<Entry usedBy="EDITOR" >
			<Entry name="PasteAction" row = "1" />
			<Entry builder="dropdownMenu" text = "edit.tooltip" width = "3" row="2">
				<Entry name="CopySingleAction" />
				<Entry name="CopyIDAction" />
				<Entry name="CopyNodeURIAction" />
				<Entry name="CopyAttributes" />
				<Entry name="SelectedPasteAction"/>
				<Entry name="PasteAttributes" />
				<Entry name="MoveAction" />
				<Entry name="CloneAction"/>
				<Entry name="DeleteAction"/>
			</Entry>
			<Entry builder="separator" />
			<Entry name="NewChildAction" icon="NewChildToolbar.icon" row="1" weight = "1"/>
			<Entry name="NewSiblingAction" row="1" weight = "1"/>
			<Entry builder="dropdownMenu" text = "menu_add_newNode" width = "2" row="2">
	            <Entry name="NewPreviousSiblingAction" />
	            <Entry name="NewParentNode" />
	            <Entry name="NewFreeNodeAction" />
	            <Entry name="NewSummaryAction"/>
			</Entry>
		</Entry>
		<Entry builder="separator" />
		<Entry row="1">
			<Entry name="UnfoldOneLevelAction" />
			<Entry name="UnfoldAllAction" />
		</Entry>
		<Entry row="2">
			<Entry name="FoldOneLevelAction" />
			<Entry name="FoldAllAction" />
		</Entry>
		<Entry builder="separator" />
		<Entry builder="main_toolbar_style" usedBy="EDITOR" row="1" width="9"/>
		<Entry usedBy="EDITOR" row="2">
			<Entry name="CloudAction" />
			<Entry name="CloudColorAction" />
			<Entry name="NodeBackgroundColorAction" />
			<Entry builder="panel" />
			<Entry builder="separator" />
			<Entry name="TextAlignAction.LEFT" />
			<Entry name="TextAlignAction.CENTER" />
			<Entry name="TextAlignAction.RIGHT" />
			<Entry builder="panel" />
		</Entry>
		<Entry builder="main_toolbar_font_name" usedBy="EDITOR" row="1"  width="6"/>
		<Entry name="font" usedBy="EDITOR" row="2">
			<Entry name="BoldAction" />
			<Entry name="ItalicAction" />
			<Entry name="StrikeThroughAction" />
			<Entry name="NodeColorAction" />
			<Entry builder="main_toolbar_font_size" />
		</Entry>
	</Entry>
	<Entry name="main_menu" builder="main_menu">
		<Entry name="file">
			<Entry name="NewMapAction" accelerator="control N" />
			<Entry name="new_map_from_user_templates" />
			<Entry name="EncryptedMap" />
			<Entry builder="separator" />
			<Entry name="SaveAction" accelerator="control S" usedBy = "EDITOR" />
			<Entry name="SaveAsAction" accelerator="control shift S" />
			<Entry name="SaveAll" />
			<Entry name="RevertAction"/>
			<Entry builder="separator"  />
			<Entry name="OpenAction" accelerator="control O" />
			<Entry name="OpenURLMapAction" />
			<Entry name="lastOpenedMaps">
				<Entry builder="lastOpenedMaps" />
				<Entry builder="noActions" />
			</Entry>
			<Entry builder="separator" />
			<Entry name="ExportAction" />
            <Entry name="ExportBranchesAction" />
            <Entry name="ExportBranchAction"  accelerator="alt shift A" />
			<Entry name="import" usedBy = "EDITOR" >
				<Entry name="ImportBranchAction" />
				<Entry name="ImportLinkedBranchAction" />
				<Entry name="ImportLinkedBranchWithoutRootAction" />
				<Entry builder="separator" />
				<Entry name="ImportExplorerFavoritesAction" />
				<Entry name="ImportFolderStructureAction" />
				<Entry name="ImportXmlFile" />
				<Entry name="ImportMindmanagerFiles" />
			</Entry>
			<Entry builder="separator" />
            <Entry name="print">
    			<Entry name="PageAction" />
    			<Entry name="PrintPreviewAction" />
    			<Entry name="PrintAction" accelerator="control P" />
            </Entry>
			<Entry builder="separator" />
			<Entry name="FilePropertiesAction" />
			<Entry builder="separator" />
			<Entry name="CloseAllMapsAction" />
			<Entry name="CloseAllOtherMapsAction" />
			<Entry name="CloseAction" accelerator="control W" />
			<Entry builder="separator" />
			<Entry name="QuitAction" accelerator="control Q" builder="removeOnMac" />
		</Entry>
		<Entry name="edit">
			<Entry builder="radio_button_group">
				<Entry name="SetStringPropertyAction.view_mode.false" />
				<Entry name="SetStringPropertyAction.view_mode.true" />
			</Entry>
			<Entry builder="separator" />
			<Entry usedBy = "EDITOR" >
                <Entry name="UndoAction" accelerator="control Z" />
                <Entry name="RedoAction" accelerator="control Y" />
				<Entry builder="separator" />
				<Entry name="menu_node_core">
					<Entry name="EditAction" accelerator="F2" />
					<Entry name="SetBooleanPropertyAction.edit_on_double_click" />
					<Entry name="EditLongAction" accelerator="alt ENTER" />
					<Entry name="SplitNode" accelerator="alt shift S" />
					<Entry builder="splitToWordsActions" />
					<Entry builder="joinNodesActions" accelerator="control J" />
					<Entry name="RevisionPluginAction" />
					<Entry builder="separator" />
					<Entry name="SetImageByFileChooserAction" accelerator="alt shift K" />
				</Entry>
				<Entry name="menu_extensions">
					<Entry name="EditDetailsAction" accelerator="F3" />
					<Entry name="EditDetailsInDialogAction" accelerator="control F3" />
					<Entry name="CopyStyleExtensionsAction" />
					<Entry name="DeleteDetailsAction" />
					<Entry builder="separator" />
					<Entry name="EditAttributesAction" accelerator="alt F9" />
					<Entry name="attributes_AddAttributeAction" />
					<Entry name="AssignAttributesAction" />
					<Entry name="AddStyleAttributes" />
					<Entry name="menu_removeAttribute">
						<Entry name="attributes_RemoveFirstAttributeAction" />
						<Entry name="attributes_RemoveLastAttributeAction" />
						<Entry name="attributes_RemoveAllAttributesAction" />
					</Entry>
					<Entry name="ShowAttributeDialogAction" />
					<Entry builder="separator" />
					<Entry name="SetNodeAliasAction" />
					<Entry builder="separator" />
					<Entry name="LatexInsertLatexAction" plugin="org.freeplane.plugin.latex" />
					<Entry name="LatexEditLatexAction" plugin="org.freeplane.plugin.latex" />
					<Entry name="LatexDeleteLatexAction" plugin="org.freeplane.plugin.latex" />
					<Entry builder="separator" />
					<Entry name="OpenMapsAddLocation" plugin="org.freeplane.plugin.openmaps" />
					<Entry name="OpenMapsRemoveLocation" plugin="org.freeplane.plugin.openmaps" />
					<Entry name="OpenMapsViewLocation" plugin="org.freeplane.plugin.openmaps" />
				</Entry>
				<Entry name="notes">
					<Entry name="SelectNoteAction" accelerator="control LESS" />
					<Entry name="EditNoteInDialogAction" />
					<Entry name="RemoveNoteAction" />
				</Entry>
				<Entry builder="separator" />
				<Entry name="CutAction" accelerator="control X" />
			</Entry>
			<Entry name="menu_copy">
				<Entry name="CopyAction" accelerator="control C" />
				<Entry name="CopySingleAction" accelerator="control shift C" />
				<Entry name="CopyIDAction" />
				<Entry name="CopyNodeURIAction" />
				<Entry name="CopyAttributes" />
			</Entry>
			<Entry usedBy="EDITOR">
				<Entry name="PasteAction" accelerator="control V" />
				<Entry name="SelectedPasteAction" accelerator="control shift V"/>
				<Entry name="PasteAttributes" />
				<Entry name="DeleteAction" accelerator="DELETE" />
				<Entry name="MoveAction" />
				<Entry name="CloneAction" accelerator="control D" />
				<Entry name="ConvertCloneToIndependentNodeAction" />
				<Entry builder="separator" />
				<Entry name="menu_moveNode">
					<Entry name="NodeUpAction" accelerator="control UP" />
					<Entry name="NodeDownAction" accelerator="control DOWN" />
					<Entry name="ChangeNodeLevelLeftsAction" accelerator="control LEFT" />
					<Entry name="ChangeNodeLevelRightsAction" accelerator="control RIGHT" />
					<Entry name="SortNodes" />
				</Entry>
				<Entry name="FreeNodeAction" />
				<Entry name="ResetNodeLocationAction" accelerator="control R" />
				<Entry builder="separator" />
			</Entry>
			<Entry name="find">
				<Entry name="FindAction" accelerator="control G" />
				<Entry name="FindNextAction"  accelerator="control shift G" />
				<Entry name="FindPreviousAction" />
				<Entry name="NodeListAction" accelerator="control shift F" />
				<Entry name="AllMapsNodeListAction" />
			</Entry>
		</Entry>
        <Entry name="insert">
          <Entry usedBy = "EDITOR" >
            <Entry name="menu_newNode" >
              <Entry name="NewChildAction" accelerator="TAB" />
              <Entry name="NewSiblingAction" accelerator="ENTER" />
              <Entry name="NewPreviousSiblingAction" accelerator="shift ENTER" />
              <Entry name="NewParentNode" accelerator="shift TAB" />
              <Entry name="NewFreeNodeAction" />
              <Entry name="NewSummaryAction" accelerator="control shift TAB"/>
              <Entry builder="separator" />
              <Entry name="DeleteAction" accelerator="DELETE" />
            </Entry>
            <Entry name="menu_cloud" >
              <Entry builder="radio_button_group">
                <Entry name="CloudShapeAction.ARC" accelerator="control shift B" />
                <Entry name="CloudShapeAction.STAR" />
                <Entry name="CloudShapeAction.RECT" />
                <Entry name="CloudShapeAction.ROUND_RECT" />
              </Entry>
              <Entry builder="separator" />
              <Entry name="CloudColorAction" />
              <Entry builder="separator" />
              <Entry name="RemoveCloudAction"/>
            </Entry>
            <Entry name="AddConnectorAction" accelerator="control L" />
            <Entry name="links" >
              <Entry name="SetLinkByFileChooserAction" accelerator="control shift K" />
              <Entry name="SetLinkByTextFieldAction" accelerator="control K" />
              <Entry builder="separator"/>
              <Entry name="RemoveLinkAction" />
              <Entry builder="separator"/>
              <Entry name="ExtractLinkFromTextAction" />
              <Entry name="AddLocalLinkAction" accelerator="alt shift L" />
              <Entry name="AddMenuItemLinkAction" />
              <Entry name="AddExecutionLinkAction" />
              <Entry builder="separator" />
              <Entry name="SetLinkAnchorAction" />
              <Entry name="MakeLinkFromAnchorAction" />
              <Entry name="MakeLinkToAnchorAction" />
              <Entry name="ClearLinkAnchorAction" />
            </Entry>
            <Entry name="menu_image" >
              <Entry name="ExternalImageAddAction" />
              <Entry builder="separator" />
              <Entry name="ExternalImageRemoveAction" />
            </Entry>
            <Entry name="icons" >
              <Entry name="IconSelectionPlugin" accelerator="control F2" />
              <Entry name="menu_iconByCategory">
                <Entry builder="icon_actions" />
              </Entry>
              <Entry name="progress">
                <Entry name="IconProgressIconUpAction" accelerator="alt LESS" />
                <Entry name="IconProgressIconDownAction" accelerator="alt shift LESS" />
                <Entry builder="separator" />
                <Entry name="IconProgressExtended10Action" />
                <Entry name="IconProgressExtended25Action" />
                <Entry builder="separator" />
                <Entry name="IconProgressRemoveAction" />
              </Entry>
              <Entry name="IconUnionHierarchyAction" />
              <Entry name="IconIntersectionHierarchyAction" />
              <Entry builder="separator" />
              <Entry name="menu_remove_icons" >
                <Entry name="SetBooleanPropertyAction.iconActionRemovesIconIfExists"/>
                <Entry name="RemoveIcon_0_Action" />
                <Entry name="RemoveIconAction" />
                <Entry name="RemoveAllIconsAction" />
              </Entry>
            </Entry>
          </Entry>
        </Entry>
		<Entry name="view">
			<Entry name="NewMapViewAction" />
			<Entry name="zoom">
				<Entry name="ZoomInAction" accelerator="alt UP" />
				<Entry name="ZoomOutAction" accelerator="alt DOWN" />
				<Entry name="FitToPage" />
			</Entry>
			<Entry name="menu_scroll_map">
				<Entry name="FreeScrollAction.LEFT" />
				<Entry name="FreeScrollAction.UP" />
				<Entry name="FreeScrollAction.RIGHT" />
				<Entry name="FreeScrollAction.DOWN" />
				<Entry name="MoveSelectedNodeAction.CENTER" />
				<Entry name="MoveSelectedNodeAction.LEFT" />
				<Entry name="MoveSelectedNodeAction.RIGHT" />
				<Entry name="MoveSelectedNodeAction.TOP" />
				<Entry name="MoveSelectedNodeAction.BOTTOM" />
				<Entry name="MoveSelectedNodeAction.TOP_LEFT" />
				<Entry name="MoveSelectedNodeAction.TOP_RIGHT" />
				<Entry name="MoveSelectedNodeAction.BOTTOM_LEFT" />
				<Entry name="MoveSelectedNodeAction.BOTTOM_RIGHT" />
			</Entry>
			<Entry name="controls">
				<Entry name="ToggleMenubarAction" builder="removeOnMac" />
				<Entry name="ToggleToolbarAction" />
				<Entry name="ShowFilterToolbarAction" accelerator="control F" />
				<Entry name="ToggleFBarAction" />
				<Entry name="ToggleLeftToolbarAction" />
				<Entry name="ToggleStatusAction" />
				<Entry name="SetBooleanPropertyAction.show_creation_modification_in_status" />
				<Entry name="ToggleScrollbarsAction" />
				<Entry name="ToggleMapOverviewAction" />
				<Entry name="ShowFormatPanel"/>
			</Entry>
			<Entry name="menu_viewmode" >
				<Entry name="ViewLayoutTypeAction.OUTLINE" />
				<Entry name="SetBooleanMapPropertyAction.allow_compact_layout" usedBy = "EDITOR" />
				<Entry name="SetBooleanMapPropertyAction.horizontal_layout" usedBy = "EDITOR" />
				<Entry name="SetBooleanPropertyAction.outline_view_fits_window_width" />
				<Entry name="ToggleFullScreenAction" accelerator="F11" />
				<Entry name="SetBooleanMapViewPropertyAction.spotlight" />
				<Entry name="SetBooleanPropertyAction.show_icons" />
				<Entry builder="radio_button_group" name="show_connectors" textKey="OptionPanel.show_connectors">
					<Entry name="SetStringPropertyAction.show_connectors.true" />
					<Entry name="SetStringPropertyAction.show_connectors.false" />
					<Entry name="SetStringPropertyAction.show_connectors.for_selection" />
					<Entry name="SetStringPropertyAction.show_connectors.never" />
				</Entry>
				<Entry name="SetBooleanPropertyAction.hide_single_end_connectors" />
				<Entry name="SetBooleanPropertyAction.show_note_icon_in_tooltip" />
				<Entry name="ShowSelectionAsRectangleAction" />
				<Entry name="SetBooleanPropertyAction.highlight_formulas" />
				<Entry name="SetBooleanPropertyAction.slow_scroll_selected_node" />
				<Entry name="SetBooleanPropertyAction.center_selected_node" />
				<Entry name="map_overview" >
					<Entry name="SetStringPropertyAction.map_overview_bounds." />
					<Entry builder="radio_button_group" name="map_overview_attach_point" textKey="map_overview_attach_point">
						<Entry name="SetStringPropertyAction.map_overview_attach_point.SOUTH_EAST" />
						<Entry name="SetStringPropertyAction.map_overview_attach_point.SOUTH_WEST" />
						<Entry name="SetStringPropertyAction.map_overview_attach_point.NORTH_EAST" />
						<Entry name="SetStringPropertyAction.map_overview_attach_point.NORTH_WEST" />
					</Entry>
				</Entry>
			</Entry>
			<Entry builder="separator" />
			<Entry name="NodeEnumerationAction.NodeVisibility.HIDDEN" />
			<Entry name="NodeEnumerationAction.NodeVisibilityConfiguration.SHOW_HIDDEN_NODES" />
			<Entry name="SetShortenerStateAction" accelerator="alt F3" />
			<Entry name="ToggleDetailsAction" accelerator="alt F2" />
			<Entry name="menu_hoverView" >
				<Entry name="SetBooleanPropertyAction.show_node_tooltips" />
				<Entry name="SetBooleanPropertyAction.show_styles_in_tooltip" />
				<Entry name="SetBooleanPropertyAction.show_creation_modification_in_tooltip" />
			</Entry>
			<Entry name="menu_displayAttributes">
				<Entry builder="radio_button_group">
					<Entry name="ShowSelectedAttributesAction" />
					<Entry name="ShowAllAttributesAction" />
					<Entry name="HideAllAttributesAction" />
				</Entry>
				<Entry builder="separator" />
				<Entry name="SetBooleanMapPropertyAction.show_icon_for_attributes" />
			</Entry>
			<Entry name="menu_noteView">
				<Entry name="ShowHideNoteAction" accelerator="control GREATER" />
				<Entry builder="radio_button_group" name="note_window_location">
					<Entry name="SetNoteWindowPosition.top" />
					<Entry name="SetNoteWindowPosition.left" />
					<Entry name="SetNoteWindowPosition.right" />
					<Entry name="SetNoteWindowPosition.bottom" />
				</Entry>
				<Entry name="SetBooleanMapPropertyAction.show_note_icons" />
				<Entry name="ShowNotesInMapAction" />
                <Entry name="SetBooleanPropertyAction.simplyhtml.note.show_menu" />
                <Entry name="SetBooleanPropertyAction.simplyhtml.note.show_toolbars" />
			</Entry>
		</Entry>
		<Entry name="format" >
			<Entry usedBy = "EDITOR" >
            <Entry name="map_background">
              <Entry name="MapBackgroundImageAction" />
              <Entry name="SetBooleanMapPropertyAction.fit_to_viewport" />
              <Entry name="MapBackgroundColorAction" />
              <Entry name="MapBackgroundClearAction" />
            </Entry>
            <Entry name="menu_coreFormat">
              <Entry name="BoldAction" accelerator="control B" />
              <Entry name="ItalicAction" accelerator="control I" />
              <Entry name="StrikeThroughAction"/>
              <Entry name="IncreaseNodeFontAction" accelerator="control PLUS" />
              <Entry name="DecreaseNodeFontAction" accelerator="control MINUS" />
              <Entry builder="separator" />
              <Entry name="TextAlignAction.LEFT" />
              <Entry name="TextAlignAction.CENTER" />
              <Entry name="TextAlignAction.RIGHT" />
              <Entry builder="separator" />
              <Entry name="NodeColorAction" accelerator="alt shift F" />
              <Entry name="BlinkingNodeHookAction" />
              <Entry name="NodeColorBlendAction" />
              <Entry builder="separator" />
              <Entry name="NodeBackgroundColorAction" accelerator="alt shift B" />
              <Entry builder="separator" />
              <Entry name="EditNodeCssAction"/>
              <Entry name="UsePlainTextAction" accelerator="alt shift P" />
              <Entry builder="separator" />
              <Entry builder="radio_button_group" name="nodeShapes" textKey="OptionPanel.nodeshape">
	              <Entry name="NodeShapeAction.fork" />
	              <Entry name="NodeShapeAction.bubble" />
	              <Entry name="NodeShapeAction.oval" />
	              <Entry name="NodeShapeAction.rectangle" />
	              <Entry name="NodeShapeAction.wide_hexagon" />
	              <Entry name="NodeShapeAction.narrow_hexagon" />
	          </Entry>
              <Entry name="EdgeProperties">
                <Entry builder="radio_button_group" name="edgeStyles" textKey="styles">
                  <Entry name="EdgeStyleAsParentAction" />
                  <Entry name="EdgeStyleAction.linear" />
                  <Entry name="EdgeStyleAction.bezier" />
                  <Entry name="EdgeStyleAction.sharp_linear" />
                  <Entry name="EdgeStyleAction.sharp_bezier" />
                  <Entry name="EdgeStyleAction.horizontal" />
                  <Entry name="EdgeStyleAction.hide_edge" />
                </Entry>
                <Entry builder="radio_button_group" name="edge_widths">
                  <Entry name="EdgeWidthAction_width_parent" />
                  <Entry name="EdgeWidthAction_width_thin" />
                  <Entry name="EdgeWidthAction_1" />
                  <Entry name="EdgeWidthAction_2" />
                  <Entry name="EdgeWidthAction_4" />
                  <Entry name="EdgeWidthAction_8" />
                </Entry>
                <Entry name="EdgeColorAction" accelerator="alt shift E" />
              </Entry>
            </Entry>
				<Entry name="styleActions" textKey="menu_applyStyle">
					<Entry builder="style_actions" />
					<Entry builder="noActions" />
				</Entry>
				<Entry name="automatic_layout">
					<Entry name="AutomaticLayoutControllerAction.HEADINGS" />
					<Entry name="AutomaticLayoutControllerAction.ALL" />
					<Entry name="AutomaticLayoutControllerAction.null" />
				</Entry>
				<Entry name="menu_manageStyles">
					<Entry name="NewUserStyleFromSelectionAction" />
					<Entry name="RedefineStyleAction" accelerator="alt shift R" />
					<Entry name="RedefineStyleUpdateTemplateAction" />
					<Entry name="ManageConditionalStylesAction" />
					<Entry name="ManageNodeConditionalStylesAction" />
					<Entry builder="separator" />
					<Entry name="CopyMapStylesAction"/>
					<Entry name="ReplaceMapStylesAction"/>
					<Entry name="ManageAssociatedMindMapsAction"/>
					<Entry name="EditStylesAction" accelerator="control F11" />
				</Entry>
				<Entry name="FormatCopy" accelerator="alt shift C" />
				<Entry name="FormatPaste" accelerator="alt shift V" />
				<Entry name="RemoveFormatAction" />
				<Entry name="newNodeStyleActions" textKey="menu_setNewNodeStyle">
					<Entry builder="new_node_style_actions" />
					<Entry builder="noActions" />
				</Entry>
				<Entry name="SetBooleanPropertyAction.copyFormatToNewSibling" />
				<Entry name="SetBooleanPropertyAction.copyFormatToNewChild" />
			</Entry>
		</Entry>
		<Entry name="navigate" builder="menu_navigate">
			<Entry name="NavigationPreviousMapAction" />
			<Entry name="NavigationNextMapAction" accelerator="control TAB" />
			<Entry name="fold">
				<Entry name="ToggleFoldedAction" accelerator="SPACE" />
				<Entry name="ShowNextChildAction" accelerator="shift SPACE" />
				<Entry name="ToggleChildrenFoldedAction" accelerator="control SPACE" />
				<Entry name="UnfoldOneLevelAction" accelerator="alt PAGE_DOWN" />
				<Entry name="FoldOneLevelAction" accelerator="alt PAGE_UP" />
				<Entry name="UnfoldAllAction" accelerator="alt END" />
				<Entry name="FoldAllAction" accelerator="alt HOME" />
				<Entry builder="separator" />
				<Entry name="SetAlwaysUnfoldedNodeFlagsAction" />
				<Entry name="RemoveAllAlwaysUnfoldedNodeFlagsAction" />
				<Entry name="AlwaysUnfoldedNodeAction" />
			</Entry>
			<Entry name="presentation" >
				<Entry name="StartPresentationOrShowNextSlideAction" accelerator="F5"/>
				<Entry name="ShowFirstSlideAndStartPresentationAction"/>
				<Entry name="StartPresentationAction" />
				<Entry name="StopPresentationAction" accelerator="shift F5" />
				<Entry name="ShowFirstSlideAction"/>
				<Entry name="ShowPreviousSlideAction" accelerator="control F5"/>
				<Entry name="ShowNextSlideAction" />
				<Entry name="ShowLastSlideAction"/>
				<Entry name="ShowLastSlideAction"/>
			</Entry>
			<Entry builder="separator" />
			<Entry name="SelectAllAction" accelerator="control A" />
			<Entry name="SelectBranchAction" accelerator="control shift A" />
			<Entry builder="separator" />
			<Entry name="MoveToRootAction" accelerator="ESCAPE" />
			<Entry name="GotoNodeAction" />
			<Entry name="JumpInAction"  accelerator="shift ESCAPE"/>
			<Entry name="JumpOutAction"  accelerator="control ESCAPE"/>
			<Entry name="FreeSelectNodeAction.LEFT" />
			<Entry name="FreeSelectNodeAction.UP" />
			<Entry name="FreeSelectNodeAction.RIGHT" />
			<Entry name="FreeSelectNodeAction.DOWN" />
			<Entry name="NextNodeAction.BACK" accelerator="control alt LEFT" />
			<Entry name="NextNodeAction.FORWARD" accelerator="control alt RIGHT" />
			<Entry name="NextNodeAction.BACK_N_FOLD" accelerator="control shift LEFT" />
			<Entry name="NextNodeAction.FORWARD_N_FOLD" accelerator="control shift RIGHT" />
			<Entry name="NotFoldingNextPresentationItemAction" accelerator="control alt SPACE" />
			<Entry name="NextPresentationItemAction" accelerator="control shift SPACE" />
			<Entry name="BackAction" accelerator="alt LEFT" />
			<Entry name="ForwardAction" accelerator="alt RIGHT" />
			<Entry name="links">
				<Entry name="FollowLinkAction" accelerator="control ENTER" />
				<Entry builder="menu_goto_links" />
			</Entry>
		</Entry>
		<Entry name="filter">
			<Entry name="filterConditions">
				<Entry builder="filterConditions" />
				<Entry builder="noActions" />
			</Entry>
			<Entry name="UndoFilterAction" />
			<Entry name="RedoFilterAction" />
			<Entry name="ReapplyFilterAction" />
			<Entry name="SelectFilteredNodesAction" />
			<Entry builder="separator" />
			<Entry name="QuickFilterAction" />
            <Entry name="QuickAndFilterAction" />
            <Entry name="QuickOrFilterAction" />
			<Entry name="ApplySelectedViewConditionAction" />
			<Entry name="QuickFindAllAction" />
			<Entry name="ApplyNoFilteringAction" />
			<Entry name="EditFilterAction" />
			<Entry builder="separator" />
			<Entry name="ApplyToVisibleAction" />
			<Entry name="HideMatchingNodesAction" />
            <Entry name="ShowAncestorsAction" />
			<Entry name="ShowDescendantsAction" />
			<Entry builder="separator" />
			<Entry name="QuickHighlightAction" />
			<Entry name="QuickFindAction.BACK" />
			<Entry name="QuickFindAction.FORWARD" />
		</Entry>
		<Entry name="extras">
			<Entry name="TimeManagementAction" accelerator="control T" />
			<Entry name="ReminderListAction" />
			<Entry name="OldReminderListAction" />
			<Entry name="ReminderHookAction" />
			<Entry builder="separator" />
			<Entry name="EnterPassword" />
			<Entry name="RemoveEncryption" />
			<Entry builder="separator" />
			<Entry name="ManageAddOnsAction" plugin="org.freeplane.plugin.script" />
			<Entry name="scripting" plugin="org.freeplane.plugin.script" builder="userScripts" />
			<Entry name="ExecuteScriptForSelectionAction" plugin="org.freeplane.plugin.script" />
			<Entry name="ExecuteScriptForAllNodes" plugin="org.freeplane.plugin.script" />
			<Entry name="ScriptEditor" />
            <Entry name="formula.EvaluateAllAction" plugin="org.freeplane.plugin.formula" />
            <Entry name="formula.ClearDependenciesAction" plugin="org.freeplane.plugin.formula" accelerator="alt F6" />
            <Entry name="formula.TracePrecedentsAction" plugin="org.freeplane.plugin.formula" accelerator="alt F7" />
            <Entry name="formula.TraceDependentsAction" plugin="org.freeplane.plugin.formula" accelerator="alt F8" />
			<Entry builder="separator" />
			<Entry name="SetAcceleratorOnNextClickAction" />
			<Entry name="acceleratorPresets">
				<Entry name="load_accelerator_presets" >
					<Entry builder="acceleratorPresets" />
					<Entry builder="noActions" />
				</Entry>
				<Entry name="SaveAcceleratorPresetsAction" />
			</Entry>
			<Entry builder="separator" />
			<Entry name="OpenUserDirAction" />
			<Entry name="OpenCurrentMapDirAction" />
			<Entry builder="separator" />
			<Entry name="ShowPreferencesAction" accelerator="control COMMA" builder="removeOnMac"/>
			<Entry builder="conditionalActionBuilder" property="enableUserDefinedInterfaceStrings"
				actionKey="TextChangeHotKeyAction"
				actionClass="org.freeplane.core.ui.textchanger.TextChangeHotKeyAction"
				accelerator="control shift F10" />
		</Entry>
		<Entry name="mindmaps">
			<Entry builder="separator" />
			<Entry name="modes" builder="navigate_modes,radio_button_group" />
			<Entry builder="separator" />
			<Entry name="maps" processOnPopup="true">
				<Entry builder="navigate_maps,radio_button_group" />
			</Entry>
		</Entry>
		<Entry name="help" textKey="menu_help">
            <Entry name="CommandSearchAction" accelerator="control F1" />
            <Entry builder="separator" />
			<Entry name="web_resources">
				<Entry name="OpenFreeplaneSiteAction" />
				<Entry name="AskForHelp" />
				<Entry name="ReportBugAction" />
				<Entry name="RequestFeatureAction" />
			</Entry>
			<Entry builder="separator" />
			<Entry name="AboutAction" builder="removeOnMac"/>
            <Entry name="UpdateCheckAction" />
			<Entry builder="separator" />
			<Entry name="TutorialAction" />
			<Entry name="DocumentationAction" accelerator="F1" />
            <Entry name="FreeplaneHandbook" />
			<Entry name="HotKeyInfoAction" />
			<Entry name="OpenApiDocumentationAction" plugin="org.freeplane.plugin.script" />
			<Entry builder="separator" />
		</Entry>
	</Entry>
	<Entry name="map_popup" builder="map_popup" processOnPopup="true">
		<Entry builder="navigate_maps,radio_button_group"/>
		<Entry builder="separator" />
		<Entry name="ToggleFullScreenAction" />
		<Entry name="ToggleMenubarAction"  builder="removeOnMac"/>
		<Entry name="ToggleToolbarAction" />
		<Entry name="ShowFilterToolbarAction" />
		<Entry name="ToggleFBarAction" />
		<Entry name="ToggleLeftToolbarAction" />
		<Entry name="ToggleStatusAction" />
		<Entry name="ToggleScrollbarsAction" />
		<Entry name="ToggleMapOverviewAction" />
		<Entry builder="separator" />
		<Entry name="ShowFormatPanel" />
		<Entry name="ShowHideNoteAction" accelerator="control GREATER" />
		<Entry builder="separator" />
		<Entry name="MapBackgroundColorAction" />
		<Entry builder="separator" />
		<Entry name="ViewLayoutTypeAction.OUTLINE" />
		<Entry name="FitToPage" />
		<Entry name="MoveSelectedNodeAction.CENTER" />
		<Entry name="MoveToRootAction" accelerator="ESCAPE" />
		<Entry name="GotoNodeAction" />
		<Entry name="JumpInAction"  accelerator="shift ESCAPE"/>
		<Entry name="JumpOutAction"  accelerator="control ESCAPE"/>
	</Entry>
	<Entry name="node_popup" builder="node_popup">
        <Entry usedBy = "EDITOR" >
			<Entry name="CutAction" accelerator="control X" usedBy = "EDITOR" />
		</Entry>
        <Entry name="menu_copy">
          <Entry name="CopyAction" accelerator="control C" />
          <Entry name="CopySingleAction" accelerator="control shift C" />
          <Entry name="CopyIDAction" />
          <Entry name="CopyNodeURIAction" />
          <Entry name="CopyAttributes" />
        </Entry>
	    <Entry usedBy = "EDITOR" >
			<Entry name="PasteAction" accelerator="control V" usedBy = "EDITOR" />
            <Entry name="menu_remove">
            	<Entry name="DeleteAction" />
    		    <Entry name="DeleteDetailsAction" />
                <Entry name="RemoveNoteAction" />
                <Entry name="attributes_RemoveAllAttributesAction" />
            </Entry>
			<Entry name="edit">
	    		<Entry name="EditLongAction" accelerator="alt ENTER" />
	    		<Entry name="EditDetailsInDialogAction" accelerator="control F3" />
	    		<Entry name="EditDetailsAction" accelerator="F3" />
	            <Entry name="EditNoteInDialogAction" />
	            <Entry name="EditAttributesAction"/>
				<Entry name="SetNodeAliasAction" />
	        </Entry>
          <Entry name = "insert" >
            <Entry name="menu_add_newNode" >
              <Entry name="NewChildAction" />
              <Entry name="NewSiblingAction" />
              <Entry name="NewPreviousSiblingAction" />
              <Entry name="NewParentNode" />
              <Entry name="NewFreeNodeAction" />
              <Entry name="NewSummaryAction"/>
              <Entry builder="separator" />
              <Entry name="DeleteAction" />
            </Entry>
            <Entry name="menu_add_image" >
              <Entry name="ExternalImageAddAction" />
              <Entry builder="separator" />
              <Entry name="ExternalImageRemoveAction" />
            </Entry>
	        <Entry name="menu_add_link" >
	          <Entry name="SetLinkByFileChooserAction" />
	          <Entry name="SetLinkByTextFieldAction" />
	          <Entry builder="separator"/>
	          <Entry name="RemoveLinkAction" />
	          <Entry builder="separator"/>
	          <Entry name="ExtractLinkFromTextAction" />
	          <Entry name="AddLocalLinkAction" />
	          <Entry name="AddMenuItemLinkAction" />
	          <Entry name="AddExecutionLinkAction" />
	          <Entry builder="separator" />
	          <Entry name="SetLinkAnchorAction" />
	          <Entry name="MakeLinkFromAnchorAction" />
	          <Entry name="MakeLinkToAnchorAction" />
	          <Entry name="ClearLinkAnchorAction" />
	        </Entry>
        </Entry>
        <Entry name="AddConnectorAction" />
		<Entry name="SetShortenerStateAction" />
            <Entry name="styleActions" textKey="menu_applyStyle" >
                <Entry builder="style_actions" />
            </Entry>
         </Entry>
		<Entry builder="separator" />
		<Entry name="AlwaysUnfoldedNodeAction" usedBy = "EDITOR" />
		<Entry name="FreeNodeAction" usedBy = "EDITOR" />
		<Entry builder="separator" />
        <Entry name="goto" processOnPopup="true">
          <Entry builder="link_actions" />
          <Entry builder="clone_actions" />
          <Entry name="GotoNodeAction" />
        </Entry>
		<Entry name="EnterPassword" />
		<Entry name="node_popup_scripting" plugin="org.freeplane.plugin.script"
			builder="userScripts" />
		<Entry name="SortNodes" usedBy = "EDITOR" />
		<Entry name="UndoAction" usedBy = "EDITOR" />
		<Entry name="RedoAction" usedBy = "EDITOR" />
	</Entry>
</FreeplaneUIEntries>
